,dtype,non_null,missing_pct,unique
author_id,str,1094411,0.0,503216
rating,int64,1094411,0.0,5
is_recommended,float64,926423,15.35,2
helpfulness,float64,532819,51.31,3767
total_feedback_count,int64,1094411,0.0,676
total_neg_feedback_count,int64,1094411,0.0,259
total_pos_feedback_count,int64,1094411,0.0,590
submission_time,str,1094411,0.0,5317
review_text,str,1092967,0.13,969419
review_title,str,783757,28.39,364105
skin_tone,str,923872,15.58,14
eye_color,str,884783,19.15,6
skin_type,str,982854,10.19,4
hair_color,str,867643,20.72,7
product_id,str,1094411,0.0,2351
product_name,str,1094411,0.0,2334
brand_name,str,1094411,0.0,142
price_usd,float64,1094411,0.0,221
